ACKNOWLEDGE,TRANSITION / CONNECT (SMALL TALK),CALL OPENING/ VERBAL HANDSHAKE,OBJECTION HANDLING / SERVICE NO,PROBING,HOLD/TRANSFER,PARAPHRASING,CALL SUMMARIZING,EDUCATE THE CUSTOMER,VERIFICATION DETAILS,EMPATHY,APOLOGY,ADDITIONAL HELP,CONVERSATIONAL/DEAD AIR,CHOICE OF WORDS,SPEECH CLARITY,CHOICE OF WORDS,TONE OF WORDS,,,,,,,,,,,,,,,,
Understand,In relation to that,Understand,What,Thank you,,,,,,,,,,,,,,,,,,,,,,,,,,,,,
Got it,It's worth noting,Appreciate,Why,Please,,,,,,,,,,,,,,,,,,,,,,,,,,,,,
Sure,On a positive note,Valid,How,Apologies,,,,,,,,,,,,,,,,,,,,,,,,,,,,,
Okay,As a side note,Concern,When,Momentarily,,,,,,,,,,,,,,,,,,,,,,,,,,,,,
Absolutely,Before we proceed,Hear,Where,Assisting,,,,,,,,,,,,,,,,,,,,,,,,,,,,,
Indeed,That being said,Recognize,Who,Briefly,,,,,,,,,,,,,,,,,,,,,,,,,,,,,
Exactly,In light of this,Comprehend,Which,Kindly,,,,,,,,,,,,,,,,,,,,,,,,,,,,,
Right,Nonetheless,Take into account,Whose,Just a moment,,,,,,,,,,,,,,,,,,,,,,,,,,,,,
Great,Nevertheless,Address,Whom,Ensuring,,,,,,,,,,,,,,,,,,,,,,,,,,,,,
Thanks,However,Acknowledge,Whose,Patience,,,,,,,,,,,,,,,,,,,,,,,,,,,,,
Appreciate,On the flip side,Sympathize,Whichever,Appreciate,,,,,,,,,,,,,,,,,,,,,,,,,,,,,
Acknowledged,On the other hand,Respect,Whatever,Bear with me,,,,,,,,,,,,,,,,,,,,,,,,,,,,,
Aware,Conversely,Empathize,Whichever,Temporary,,,,,,,,,,,,,,,,,,,,,,,,,,,,,
Comprehend,In contrast,Value,Whomever,Transferring,,,,,,,,,,,,,,,,,,,,,,,,,,,,,
Agree,In any case,Consider,Whosever,While I check,,,,,,,,,,,,,,,,,,,,,,,,,,,,,
Validate,Anyway,Reassure,Explain,Important,,,,,,,,,,,,,,,,,,,,,,,,,,,,,
Sympathize,Alright then,Collaborate,Describe,Collaboration,,,,,,,,,,,,,,,,,,,,,,,,,,,,,
Concerned,"So, here's the thing",Work together,Tell,Expertise,,,,,,,,,,,,,,,,,,,,,,,,,,,,,
Attentive,Let me bring up,Find a solution,Elaborate,High priority,,,,,,,,,,,,,,,,,,,,,,,,,,,,,
Supportive,Just to add,Explore,Clarify,Your time,,,,,,,,,,,,,,,,,,,,,,,,,,,,,
Helpful,"Now, getting back to",Discuss,Provide,Handling,,,,,,,,,,,,,,,,,,,,,,,,,,,,,
Apologize,As we were discussing,Clarify,Share,Valued,,,,,,,,,,,,,,,,,,,,,,,,,,,,,
Sorry,In the same vein,Offer alternatives,Discuss,Urgent,,,,,,,,,,,,,,,,,,,,,,,,,,,,,
Resolving,Likewise,Provide options,Can,In order to,,,,,,,,,,,,,,,,,,,,,,,,,,,,,
Assure,In a similar vein,Suggest,May,Rest assured,,,,,,,,,,,,,,,,,,,,,,,,,,,,,
Handle,That being mentioned,Propose,Could,Attention,,,,,,,,,,,,,,,,,,,,,,,,,,,,,
Follow-up,To follow up on that,Explain,Would,Swiftly,,,,,,,,,,,,,,,,,,,,,,,,,,,,,
Attention,In line with that,Demonstrate,Should,Connect,,,,,,,,,,,,,,,,,,,,,,,,,,,,,
Listen,And in related news,Showcase,Might,Prioritizing,,,,,,,,,,,,,,,,,,,,,,,,,,,,,
Address,To wrap it up,Highlight,Do,Efficiency,,,,,,,,,,,,,,,,,,,,,,,,,,,,,
Dedicated,topics,Showcase,Is,Seamless,,,,,,,,,,,,,,,,,,,,,,,,,,,,,
Solution,Weather,Illustrate,Are,Expedite,,,,,,,,,,,,,,,,,,,,,,,,,,,,,
Satisfaction,Hobbies,Prove,Have,Cordially,,,,,,,,,,,,,,,,,,,,,,,,,,,,,
Feedback,Sports,Emphasize,Can you,Sincerest apologies,,,,,,,,,,,,,,,,,,,,,,,,,,,,,
Resolve,Travel,Reiterate,Could you,Time-sensitive,,,,,,,,,,,,,,,,,,,,,,,,,,,,,
Improve,Movies,Share insights,Would you,Directing,,,,,,,,,,,,,,,,,,,,,,,,,,,,,
Informed,Music,Provide evidence,Should you,Trust,,,,,,,,,,,,,,,,,,,,,,,,,,,,,
Note,Food,Offer examples,Might you,Team member,,,,,,,,,,,,,,,,,,,,,,,,,,,,,
Cooperation,Books,Paint a picture,Do you,Quick resolution,,,,,,,,,,,,,,,,,,,,,,,,,,,,,
Hands-on,Family,Paint a scenario,Is there,Dedicated,,,,,,,,,,,,,,,,,,,,,,,,,,,,,
Absolutely,Pets,Educate,Are there,Specialist,,,,,,,,,,,,,,,,,,,,,,,,,,,,,
I understand,Technology,Inform,Have you,On the line,,,,,,,,,,,,,,,,,,,,,,,,,,,,,
I see,Current events,Guide,Can you tell me,Handling this matter,,,,,,,,,,,,,,,,,,,,,,,,,,,,,
Indeed,Fashion,Persuade,Could you explain,Cooperation,,,,,,,,,,,,,,,,,,,,,,,,,,,,,
I hear you,Art,Assure,Would you describe,Smooth transition,,,,,,,,,,,,,,,,,,,,,,,,,,,,,
"Absolutely, get it",Entertainment,Guarantee,Should you clarify,Dedicated to resolving,,,,,,,,,,,,,,,,,,,,,,,,,,,,,
completely understand,Fitness,Promise,Might you provide,Exceptional service,,,,,,,,,,,,,,,,,,,,,,,,,,,,,
I'm with you on that,Weekend plans,Show empathy,Do you have,Restoring,,,,,,,,,,,,,,,,,,,,,,,,,,,,,
That makes sense,Restaurants,Foster trust,Is it possible,Our best efforts,,,,,,,,,,,,,,,,,,,,,,,,,,,,,
Appreciate that,Television shows,Encourage collaboration,Are you able,Customer satisfaction,,,,,,,,,,,,,,,,,,,,,,,,,,,,,
here to help,Festivals,,,Waiting,,,,,,,,,,,,,,,,,,,,,,,,,,,,,
Count on me,Cultural events,,,Redirect,,,,,,,,,,,,,,,,,,,,,,,,,,,,,
,Outdoor activities,,,,,,,,,,,,,,,,,,,,,,,,,,,,,,,,
,Vacations,,,,,,,,,,,,,,,,,,,,,,,,,,,,,,,,
,Local attractions,,,,,,,,,,,,,,,,,,,,,,,,,,,,,,,,
,Pop culture,,,,,,,,,,,,,,,,,,,,,,,,,,,,,,,,
,Social media,,,,,,,,,,,,,,,,,,,,,,,,,,,,,,,,
,Gadgets,,,,,,,,,,,,,,,,,,,,,,,,,,,,,,,,
,,,,,,,,,,,,,,,,,,,,,,,,,,,,,,,,,
,Photography,,,,,,,,,,,,,,,,,,,,,,,,,,,,,,,,
,Cars,,,,,,,,,,,,,,,,,,,,,,,,,,,,,,,,
,Gardening,,,,,,,,,,,,,,,,,,,,,,,,,,,,,,,,
,Cooking,,,,,,,,,,,,,,,,,,,,,,,,,,,,,,,,
,Health and wellness,,,,,,,,,,,,,,,,,,,,,,,,,,,,,,,,
,Home decor,,,,,,,,,,,,,,,,,,,,,,,,,,,,,,,,
,Education,,,,,,,,,,,,,,,,,,,,,,,,,,,,,,,,
,Business trends,,,,,,,,,,,,,,,,,,,,,,,,,,,,,,,,
,Community events,,,,,,,,,,,,,,,,,,,,,,,,,,,,,,,,
,New experiences,,,,,,,,,,,,,,,,,,,,,,,,,,,,,,,,
,Sports teams,,,,,,,,,,,,,,,,,,,,,,,,,,,,,,,,
,Celebrations,,,,,,,,,,,,,,,,,,,,,,,,,,,,,,,,
,Inspirational stories,,,,,,,,,,,,,,,,,,,,,,,,,,,,,,,,
,Personal achievements,,,,,,,,,,,,,,,,,,,,,,,,,,,,,,,,
,Technology advancements,,,,,,,,,,,,,,,,,,,,,,,,,,,,,,,,
,Fashion trends,,,,,,,,,,,,,,,,,,,,,,,,,,,,,,,,
,Art exhibitions,,,,,,,,,,,,,,,,,,,,,,,,,,,,,,,,
,Memorable trips,,,,,,,,,,,,,,,,,,,,,,,,,,,,,,,,
,Exercise routines,,,,,,,,,,,,,,,,,,,,,,,,,,,,,,,,
,Relaxation techniques,,,,,,,,,,,,,,,,,,,,,,,,,,,,,,,,
,Fun facts,,,,,,,,,,,,,,,,,,,,,,,,,,,,,,,,
,Dream destinations,,,,,,,,,,,,,,,,,,,,,,,,,,,,,,,,
